k,n_patients,n_pos,AUPRC,AUROC
0,3895,431,0.7913135043513759,0.9228973652765199
1,3655,192,0.3863992346028895,0.8413451126191163
2,3651,188,0.3588654163738839,0.844061998881796
3,3648,185,0.3683161727641593,0.8436982463260257
4,3643,181,0.3519414894293007,0.8344368694364384
5,3641,179,0.334005325994414,0.8279444180875202
6,3633,172,0.3176334151186919,0.8139543282960294
7,3629,169,0.2985554067156079,0.8144910558538836
8,3612,163,0.2856355374686786,0.8096585299909106
9,3601,160,0.27824387231658876,0.7903398358035455
10,3583,155,0.2628891326911965,0.7904063311627206
11,3543,151,0.28756713995947375,0.7905580329251531
12,3493,149,0.26969855447346935,0.7838861950483286
13,3453,148,0.2447399846060896,0.7786308623298033
14,3411,146,0.2542489046407001,0.7723562482955381
15,3365,144,0.2539600708748845,0.7855921642692055
16,3316,143,0.2672408394694334,0.7759141268438463
17,3257,140,0.2662739656076874,0.7790721389614557
18,3211,140,0.2666362801869774,0.7753372563613528
19,3151,138,0.26757738657735103,0.784654179713993
20,3100,137,0.27465081075484044,0.7806560720910696
21,3048,136,0.30625656392907186,0.7888630211700065
22,3006,136,0.29541192728248966,0.7867493338798933
23,2974,133,0.2986280160393754,0.7858267633180098
24,2943,132,0.2859505536629757,0.777222599527829
25,2902,131,0.28324362952217147,0.7844675359021049
26,2874,129,0.2758179396358506,0.77663546123325
27,2846,128,0.2745866366055292,0.776044541022811
28,2814,127,0.25938921956963706,0.7701458465812354
29,2791,126,0.2921397209222196,0.7631659668245034
30,2764,125,0.2879015368592155,0.7656718453959834
31,2736,123,0.2683105813431991,0.7560259988363374
32,2711,122,0.26184405527590227,0.744473782522526
33,2669,118,0.23667613222523143,0.7359941930382902
34,2643,115,0.24201521798536935,0.7457398871766648
35,2609,115,0.2380443473713535,0.7285380565531189
36,2568,114,0.22953211641750018,0.7292211784555112
37,2525,112,0.2527395757751381,0.7366163933455687
38,2497,111,0.22966155393666288,0.7229918518686331
39,2457,110,0.24702276082587574,0.7198454506720378
40,2425,109,0.22818514380253563,0.726973110868153
41,2382,108,0.2125486852687672,0.728462246327242
42,2349,108,0.2336986297983067,0.7332044226287868
43,2317,108,0.22468814835651274,0.7289916670858274
44,2278,107,0.23984531128041467,0.7289353715286895
45,2239,107,0.25737390126021625,0.7302234749522191
46,2203,105,0.23379188020272873,0.7232193926188206
47,2165,104,0.2168533578592472,0.7254320158250289
48,2133,103,0.21126746120590315,0.72581902530011
49,2107,103,0.21441907368226962,0.737154332112474
50,2074,101,0.19750009466703322,0.7320936604557566
51,2049,101,0.21220234957078604,0.7271585988167605
52,2028,99,0.23863458157370654,0.7245995465280068
53,2003,99,0.22895095217226918,0.7257528011204482
54,1976,95,0.21355693485380153,0.7167156327821147
55,1957,95,0.2064856419642595,0.7101277630165639
56,1941,93,0.2194095617353494,0.7148326583810456
57,1923,93,0.2078337977195202,0.7170720958928257
58,1907,93,0.20902931676748374,0.7203975056608696
59,1890,92,0.2161427366897436,0.7078245151617739
60,1872,91,0.2042914936264384,0.7147546445693554
61,1856,91,0.1849071861353549,0.710381969305482
62,1836,90,0.20899805275321817,0.7113815705740104
63,1810,87,0.1915020440567071,0.6982475100232821
64,1790,86,0.1559889791606712,0.707449639698657
65,1765,84,0.1602466544991172,0.6955468683606696
66,1745,84,0.1611392521949719,0.6981487055990367
67,1720,83,0.17154986290055751,0.702710659375437
68,1705,83,0.1695739793063567,0.7050532586573173
69,1681,83,0.1913466343275075,0.699843177465808
70,1664,83,0.19529208989605498,0.707932298453777
71,1654,83,0.17385160663218246,0.6924988304586903
72,1641,83,0.17520253999071278,0.7005737971140016
73,1627,82,0.17886330074004975,0.7095784986976084
74,1621,82,0.17803192134179607,0.7020198418358452
75,1611,81,0.17719043719853894,0.7130759299604614
76,1601,81,0.17787435662887657,0.7201713775178686
77,1588,80,0.1846237856084314,0.7292440318302387
78,1577,79,0.18400626498639022,0.7267580402562066
79,1570,78,0.18094175089500394,0.7157231731628514
80,1563,78,0.17621018772279678,0.7194854528187862
81,1557,76,0.16859162520397292,0.7095890045843847
82,1546,75,0.17296756403197325,0.7181735780648085
83,1536,74,0.18894664418219773,0.7223351942914187
84,1527,74,0.1675852674236081,0.718964490987891
85,1515,74,0.156782136964216,0.7104863364405349
86,1503,74,0.17295414913632304,0.717478675316324
87,1494,74,0.20941772861892624,0.7280500570993529
88,1472,72,0.21528880870221068,0.7346279761904764
89,1454,71,0.21081128190657825,0.7223325491633823
90,1440,71,0.16631555955869573,0.7206607063858682
91,1423,71,0.1596890124753774,0.726175097924827
92,1405,70,0.19245547164553872,0.7403638309256287
93,1388,70,0.20364421756705134,0.7528506394970735
94,1372,70,0.20496425645132285,0.747871406627167
95,1364,70,0.2177289016322958,0.7499558401413117
96,1351,70,0.20634184914845555,0.7432140069142412
97,1336,70,0.21288450336274403,0.7401207402392236
98,1321,70,0.21252961554220537,0.7465399109284002
99,1309,69,0.22573960978058866,0.7429464703132304
100,1302,69,0.20096799250102976,0.7499676763402565
101,1291,69,0.21247054124208078,0.7417336748974122
102,1284,68,0.25094129140465254,0.743439193111455
103,1278,68,0.2063990539310382,0.7371293145357318
104,1269,67,0.1878517139490552,0.7360990389152406
105,1262,66,0.22749663242119864,0.7427409546974765
106,1257,66,0.2226382335386479,0.7411457140676285
107,1245,64,0.20641148627821365,0.7436692950889077
108,1232,64,0.23483384677768027,0.7487826412671232
109,1218,64,0.20442140386225083,0.7520377491334488
110,1198,62,0.19042795013484476,0.7459606428895956
111,1188,61,0.18122351301220496,0.7471307838887515
112,1179,61,0.20685663520180206,0.7390905891668377
113,1169,61,0.19675623230928413,0.7547197727407232
114,1154,60,0.20299821696816311,0.738307434491164
115,1143,60,0.20131171435096723,0.7405201600492459
116,1132,59,0.20583985184073375,0.7312935378394174
117,1117,58,0.18413721317080467,0.7296164240825763
118,1099,57,0.2022360117188059,0.7377428696501329
119,1093,57,0.19307572911710175,0.7511007247849353
120,1078,56,0.23694260447278703,0.7453085686329326
121,1070,56,0.1991644374846857,0.7384562552831784
122,1065,56,0.18081438601325933,0.7388061022228515
123,1056,54,0.13701949723525675,0.7382457307607008
124,1051,53,0.1317481215591765,0.7313683971717019
125,1044,51,0.13429967258704933,0.7218569200086884
126,1038,51,0.14801423713043302,0.7267516935852356
127,1028,50,0.1156494343873502,0.7067382413087935
128,1022,48,0.12045289954283134,0.7185574948665296
129,1020,48,0.1254992974195667,0.7134987997256516
130,1016,48,0.11173957098219855,0.7098075929752067
131,1008,48,0.13567573595656426,0.7026041666666667
132,1002,48,0.12487399311466946,0.7000349406009783
133,994,48,0.12861694185547307,0.7087187279774488
134,984,47,0.13039240992823356,0.711244578668907
135,978,46,0.11772882919189606,0.7021016047770107
136,971,45,0.13675913954121618,0.7074034077273819
137,956,44,0.12162913580899995,0.7043336323763955
138,949,43,0.1534235211199491,0.7212125879151907
139,938,42,0.14404858683461538,0.7378029336734694
140,924,42,0.14119316109350913,0.7380007558578987
141,917,42,0.1487549648378049,0.7434285714285713
142,916,42,0.16992627417133116,0.7578865642366786
143,907,42,0.16760143245779052,0.74822460776218
144,898,42,0.18202454214284502,0.7626140409434803
145,888,42,0.15816550068814772,0.7594562647754137
146,884,42,0.16251493343897938,0.7601374278927723
147,877,40,0.19431186394590114,0.7707437275985664
148,872,40,0.15700325236502932,0.7686899038461539
149,868,40,0.19223657518173576,0.7890851449275362
150,861,40,0.15000032750045106,0.7865864799025578
151,860,40,0.14847274093154997,0.7798323170731707
152,858,40,0.17475610438030806,0.7935666259168704
153,855,40,0.16254665101180904,0.7973312883435582
154,850,40,0.17601510938797033,0.7974228395061729
155,843,40,0.18987616913030614,0.7888387297633874
156,836,40,0.16722493866909716,0.7935772613065326
157,830,40,0.19935643198611802,0.7933227848101266
158,825,40,0.16239378598440404,0.7976592356687897
159,819,39,0.1678958452644739,0.7926857330703485
160,811,38,0.18594541337955714,0.7923503778852046
161,805,38,0.16589280584872404,0.7849962258972072
162,797,38,0.1510534812904153,0.7803030303030303
163,792,38,0.1708527769104965,0.7796139885522826
164,789,38,0.16026345496614172,0.7660662975681549
165,776,38,0.16748728968413884,0.7792397660818714
166,772,38,0.15210789121010831,0.7705435250250968
167,769,38,0.16515571212512367,0.7589639282885736
168,766,38,0.17691793143345041,0.7688512145748987
169,760,38,0.17884242253250734,0.7563602565971717
170,757,38,0.19885604043215652,0.7725825342215066
171,751,38,0.2232087882430694,0.7773861371521369
172,746,38,0.20282777492270646,0.7835080285459411
173,743,36,0.16732313251030115,0.7680732358950181
174,742,36,0.21731916345647478,0.7634757632987095
175,740,36,0.20057279862194538,0.7547348484848486
176,737,35,0.18393313140184997,0.7451566951566951
177,734,35,0.14013840986544163,0.7482321684038422
178,729,35,0.171356068420196,0.7414162206669411
179,726,35,0.22781441756358586,0.7485838329543105
180,721,35,0.18255894559462368,0.7394627238650563
181,721,35,0.20558564352892317,0.7481049562682216
182,715,35,0.18237202585915008,0.7432563025210084
183,710,35,0.18267351066679147,0.7209735449735449
184,703,33,0.179823174101128,0.7132745364088648
185,694,33,0.1388672205865146,0.7046027598221245
186,682,32,0.14639982837067714,0.7186057692307692
187,675,32,0.11106105469586164,0.7054821150855365
188,669,32,0.12493022161071637,0.7096987833594977
189,663,31,0.140653180004749,0.7217741935483871
190,659,31,0.13946922263237496,0.7123484692829258
191,657,31,0.14273838112122933,0.71926208389158
192,652,31,0.14414493893700525,0.7370266479663394
193,640,30,0.12491159092281906,0.7203551912568306
194,639,30,0.1268698886985543,0.7334975369458129
195,637,30,0.13597307618667545,0.7221581548599671
196,632,30,0.11210717371694646,0.7222868217054264
197,627,30,0.13136590851107327,0.7280569514237857
198,625,29,0.13276139018423697,0.709297616292525
199,623,28,0.14761394567269528,0.6998199279711885
200,620,28,0.1463197526164567,0.7249939671814671
201,615,28,0.12613438820776696,0.7075930883426624
202,613,28,0.10050002724085533,0.699969474969475
203,610,27,0.10256603122108043,0.7089130296677466
204,605,25,0.10978730928989999,0.7167586206896552
205,603,24,0.09709232505240524,0.7031879677605066
206,600,24,0.11504774163166397,0.7161096643518519
207,594,24,0.10836000764449194,0.7077119883040935
208,588,24,0.11043650912054295,0.6962913711583925
209,587,24,0.11514583069210121,0.6884251036116045
210,580,24,0.1368250809348581,0.7004646282973621
211,574,24,0.15183580754072717,0.7153409090909091
212,569,24,0.14425944870892585,0.6818042813455658
213,567,24,0.10057983511247104,0.6747621240024555
214,560,24,0.09247521673914572,0.6788712686567164
215,556,24,0.10352843323632084,0.6969376566416039
216,552,24,0.1064836230563958,0.6910905934343434
217,548,24,0.11096481247651113,0.7143368320610687
218,542,24,0.13121669750047754,0.7184684684684686
219,541,24,0.11209419726364397,0.6950354609929077
220,538,24,0.133149391681127,0.7023346303501945
221,536,24,0.13565080219492326,0.7072347005208334
222,533,24,0.15688915482559335,0.7073100851342501
223,529,24,0.12491398292114088,0.7059818481848185
224,527,24,0.1278336092032444,0.6945410868124586
225,527,24,0.1245278279580148,0.6988485752153744
226,526,24,0.11832285447208876,0.6923140770252324
227,521,24,0.1210005413464007,0.6796193829644535
228,519,23,0.1124479576156284,0.6765427769985976
229,519,23,0.1311095457743616,0.6723352033660589
230,518,23,0.13153986641574184,0.6794027228809838
231,513,23,0.1144338750759471,0.6676131322094055
232,509,23,0.12323021105514288,0.6882268742172124
233,502,23,0.12813690856754983,0.6892983570845057
234,491,23,0.12003204497860614,0.6871980676328502
235,488,23,0.12060028696630268,0.6558672276764843
236,481,23,0.1336754308945324,0.6833586481868237
237,474,22,0.1421971143812809,0.7068081255028158
238,474,22,0.18594425584378316,0.7164621882542237
239,471,22,0.142206237990586,0.6995343186879934
240,463,22,0.15360356032695063,0.7057307771593486
241,461,22,0.1630942318558809,0.7139676951749845
242,459,22,0.14593909354860035,0.7168192219679633
243,457,22,0.11844833679328728,0.6942528735632184
244,453,22,0.18784122576505535,0.7081839274414681
245,453,22,0.13893448032350775,0.7163045770934402
246,452,22,0.17865701453683197,0.7029598308668076
247,448,22,0.1437914341849107,0.7171361502347419
248,447,22,0.1464106961420282,0.7040106951871657
249,446,22,0.18264496042865044,0.6966123499142367
250,442,22,0.12009721500877907,0.7008116883116882
251,438,21,0.13601987377616864,0.6703779833276237
252,436,21,0.10892797368113354,0.6641996557659209
253,434,21,0.09493012968682038,0.6779084515161997
254,433,21,0.10764680499640603,0.6820388349514563
255,426,21,0.11734799018828669,0.6948265726043503
256,424,21,0.10707073098215852,0.6925440151246602
257,421,21,0.09965387950851631,0.6929761904761904
258,414,21,0.11356980460674129,0.6960499212407609
259,412,21,0.10022549146864188,0.6879795396419437
260,408,21,0.1027440321094759,0.6887535375907469
261,407,21,0.09677197107964568,0.6909079694053787
262,405,21,0.1359958924488628,0.6868179563492064
263,402,21,0.09927727459107988,0.6858517685289338
264,400,20,0.09234379585980768,0.6629605263157894
265,399,20,0.08302516910433463,0.6540237467018469
266,395,18,0.10327144945641943,0.6522251694665487
267,394,18,0.09426391706223067,0.6513002364066194
268,393,18,0.12733254813831185,0.6585925925925926
269,392,18,0.1192015841652981,0.6264111705288176
270,390,18,0.08346332138762244,0.6404569892473119
271,387,18,0.09177945641624857,0.6477717554953327
272,386,17,0.07279374199539307,0.6549497847919656
273,382,17,0.07455192693592023,0.6409347300564061
274,380,17,0.08550602424279426,0.6409820126397666
275,378,17,0.07030779877927004,0.6237575362554995
276,376,17,0.0710180041892199,0.6146157627396363
277,375,16,0.07825317212094188,0.612116991643454
278,371,16,0.08839589216416707,0.6215669014084507
279,365,16,0.06400279801072131,0.5942872492836677
280,360,15,0.08797992040407798,0.6104347826086957
281,359,15,0.0741739434876065,0.6091085271317829
282,355,15,0.07824652313113273,0.6152941176470588
283,352,15,0.10568530404177531,0.6316518298714144
284,350,15,0.11999736272297651,0.6700497512437811
285,347,14,0.09229721561788355,0.662912912912913
286,341,14,0.11003309009618661,0.6602228047182176
287,335,14,0.11400750185201447,0.6443035157988429
288,335,14,0.14822750059812104,0.641188251001335
289,332,14,0.12347480286326731,0.661388140161725
290,330,14,0.15588158223543114,0.6578887884267631
291,329,14,0.15664581285538673,0.6334467120181405
292,329,14,0.1573712082949162,0.6465986394557823
293,327,14,0.12662955548130778,0.6253993610223642
294,324,14,0.12679122461227396,0.6233870967741935
295,323,14,0.11151093255802652,0.6304900601017106
296,321,14,0.11134527884652012,0.644253140995812
297,321,14,0.11577070675053196,0.6433224755700326
298,319,14,0.08686442771271113,0.6451990632318501
299,318,14,0.10724954743238224,0.6555451127819549
300,318,14,0.10144085029516411,0.6343984962406013
301,316,14,0.09369228187621677,0.6359981078524126
302,316,14,0.08564794011608862,0.6175496688741723
303,313,13,0.07062415288593318,0.5791025641025642
304,310,13,0.07526431494824302,0.6013986013986015
305,307,13,0.09960124780186429,0.597592883307169
306,306,13,0.08694091600868509,0.6044893672880021
307,305,13,0.11839414810452054,0.570995785036881
308,305,13,0.07452647994952988,0.5882507903055849
309,301,13,0.09750056630520079,0.6217948717948718
310,298,13,0.11039348542555363,0.6095816464237517
311,295,13,0.1162044871854141,0.6100654664484452
312,293,13,0.12455037782338567,0.5987637362637362
313,290,13,0.12635696161520676,0.6133018605942794
314,289,13,0.16857272814420265,0.6605351170568562
315,286,13,0.09014837747453584,0.6503240349394196
316,284,13,0.2004790066858123,0.6623616236162362
317,284,13,0.20018567928117256,0.669173999432302
318,283,13,0.14594716262402477,0.6881766381766382
319,282,13,0.18119577729281897,0.6727194738347154
320,281,13,0.22809608204503007,0.6819747416762342
321,281,13,0.23804592587621787,0.6656142365097589
322,280,13,0.1740246653718198,0.681215787957361
323,279,13,0.17655956119920418,0.676257952573742
324,278,13,0.17709074429707994,0.681567489114659
325,276,12,0.25540163680280636,0.6810290404040403
326,275,12,0.12035213557664305,0.6593789607097591
327,271,12,0.3213719066174825,0.7078507078507079
328,271,12,0.26995802477523384,0.6846846846846846
329,269,12,0.27516560037300886,0.690337224383917
330,267,12,0.2831982562309489,0.6936274509803921
331,266,12,0.1901954059732153,0.6893044619422573
332,266,12,0.22146976356483575,0.7130905511811023
333,262,12,0.21950423230240398,0.6861666666666666
334,261,12,0.20813331744615798,0.699966532797858
335,260,12,0.17236501257622247,0.697244623655914
336,258,12,0.2277881199673421,0.6956300813008129
337,258,12,0.21603300675296985,0.7113821138211381
338,253,12,0.33396027325226235,0.7041839557399723
339,253,12,0.24929737305978653,0.7045297372060858
340,251,12,0.21208664931081922,0.698744769874477
341,250,12,0.3373984021360334,0.7219887955182073
342,249,12,0.2525731206718082,0.7273206751054851
343,247,12,0.22795204658297083,0.7265957446808511
344,247,12,0.13169938053528293,0.6975177304964539
345,246,12,0.1425950750659697,0.6994301994301995
346,245,12,0.29908092334522257,0.7322961373390559
347,244,12,0.2863019396185288,0.7534123563218391
348,244,12,0.2698685351400007,0.7485632183908045
349,243,12,0.24944202856101524,0.7404401154401155
350,243,12,0.2804935133442259,0.7525252525252525
351,240,12,0.2682441890951971,0.7640716374269005
352,239,12,0.1974355634305241,0.7589941262848753
353,236,12,0.24890437127711318,0.7771577380952381
354,235,12,0.15840621803381882,0.7636397608370702
355,235,12,0.1624867015663114,0.7479446935724963
356,235,12,0.21985756576586338,0.7217862481315397
357,234,12,0.2780436276581576,0.7130255255255257
358,234,12,0.23259249263223708,0.7400525525525525
359,234,12,0.22297892447577322,0.721846846846847
360,232,12,0.24634711419123534,0.715719696969697
361,232,12,0.3034832888312026,0.7541666666666667
362,232,12,0.3041714986444564,0.7225378787878789
363,231,12,0.2022632159087096,0.7296423135464232
364,231,12,0.2514187416383176,0.7157534246575343
365,231,12,0.19721345696783635,0.7285007610350076
366,231,12,0.24120385959324397,0.7427701674277016
367,229,12,0.252790631208934,0.7398233486943164
368,228,12,0.26563484165181256,0.745949074074074
369,227,12,0.2662626933036476,0.7401162790697675
370,226,12,0.2811745762759207,0.7190420560747663
371,226,12,0.2541274478955875,0.7165109034267914
372,226,12,0.1892556983357995,0.702297507788162
373,225,12,0.21424632996095352,0.7071596244131455
374,225,12,0.26714208348182433,0.7304381846635368
375,225,12,0.24105897211467853,0.7116588419405321
376,221,12,0.1857097429895377,0.7131180223285486
377,220,12,0.21706438105285422,0.7131410256410257
378,219,12,0.2931164465366419,0.7584541062801933
379,219,12,0.24168859509376334,0.7280595813204509
380,217,12,0.2652950441856921,0.7376016260162602
381,217,12,0.24087444433687177,0.7241869918699186
382,216,12,0.19307267843565903,0.7371323529411765
383,216,12,0.26505735730950536,0.7387663398692811
384,215,12,0.23668148351657523,0.7241379310344828
385,214,12,0.19487034430615666,0.7355610561056105
386,211,11,0.150028006333002,0.7072727272727273
387,210,11,0.14918617246400723,0.719278209227958
388,210,11,0.14144089885995403,0.715623572407492
389,208,11,0.11537075688096415,0.6762805722196585
390,207,11,0.22120957298258692,0.7249536178107606
391,207,11,0.16397029570984714,0.7263450834879406
392,205,11,0.1681370371757575,0.7312558575445174
393,204,10,0.12588261738261738,0.7072164948453609
394,203,10,0.15313723416937214,0.7186528497409326
395,202,10,0.13297810905183993,0.7252604166666666
396,202,10,0.13518880485497548,0.7302083333333333
397,201,10,0.09448075793231686,0.7143979057591623
398,200,10,0.09659196391848401,0.7026315789473684
399,199,10,0.0942947191346939,0.6973544973544974
400,198,10,0.1078611325532757,0.7273936170212766
401,198,10,0.08641422841098047,0.6840425531914894
402,195,10,0.12179300233216563,0.7448648648648649
403,193,10,0.10090155302946503,0.7098360655737705
404,191,10,0.09505889422317199,0.707182320441989
405,189,10,0.10262156850635776,0.7134078212290503
406,189,10,0.09145643962180741,0.6793296089385474
407,189,10,0.1003016253705613,0.708100558659218
408,188,10,0.12345533188670443,0.725561797752809
409,188,10,0.10505605705662815,0.7081460674157304
410,187,10,0.10903738845374218,0.6994350282485876
411,187,10,0.13098700911496702,0.7225988700564971
412,187,10,0.15215284885995972,0.6966101694915254
413,187,10,0.14960809214049495,0.7112994350282487
414,187,10,0.12456432328896995,0.7022598870056498
415,186,9,0.09694960230260966,0.6817325800376648
416,185,9,0.09826887908038706,0.7061237373737373
417,185,9,0.08854130456050918,0.6925505050505051
418,183,9,0.08599607320975305,0.6711366538952745
419,181,8,0.08314075973273177,0.6903901734104047
420,180,7,0.0857998429211574,0.7188274153592072
421,179,7,0.10929889312948023,0.7462624584717608
422,177,7,0.14208244107702056,0.7747899159663865
423,176,7,0.10941187665697379,0.7413355874894337
424,175,7,0.11305471204582013,0.7585034013605442
425,173,7,0.1837682951968666,0.7844234079173839
426,170,7,0.16859589230429012,0.7440841367221736
427,169,7,0.16430674454953131,0.7680776014109347
428,169,7,0.11885913995442017,0.7204585537918872
429,167,7,0.1704977562120419,0.7669642857142857
430,163,7,0.14253914005793705,0.7628205128205128
431,163,7,0.18572349721023262,0.7724358974358975
432,162,7,0.19920477383531568,0.7755760368663593
433,162,7,0.18130036148708148,0.7958525345622119
434,162,7,0.14395642296333583,0.772811059907834
435,162,7,0.18296607046607044,0.7847926267281106
436,162,7,0.13870337624088563,0.7714285714285715
437,162,7,0.12017938625081483,0.7511520737327189
438,159,6,0.11941322566322565,0.7456427015250544
439,159,6,0.15248538011695906,0.7489106753812637
440,159,6,0.1319345358280612,0.716230936819172
441,159,6,0.12593165599135886,0.7254901960784313
442,159,6,0.10320422629807453,0.7091503267973855
443,158,6,0.15939296771340114,0.7642543859649124
444,157,6,0.12648395015651653,0.7295805739514349
445,157,6,0.09951751529534483,0.7108167770419426
446,157,6,0.12487356053532525,0.7157836644591612
447,156,6,0.10765343754065557,0.6977777777777778
448,153,6,0.08519029989618225,0.6791383219954649
449,152,6,0.08724021206668907,0.6952054794520549
450,151,6,0.14343156671697696,0.6885057471264368
451,151,6,0.0908486329963815,0.6580459770114943
452,151,6,0.09155620551139809,0.667816091954023
453,150,6,0.08983529387256095,0.6863425925925926
454,149,6,0.08439583376180465,0.6451048951048951
455,149,6,0.110495354379265,0.6695804195804196
456,148,6,0.09977819745060726,0.6830985915492958
457,146,6,0.10812236156152583,0.644047619047619
458,145,5,0.09997818465965536,0.6714285714285715
459,142,5,0.1284080509125881,0.6583941605839415
460,142,5,0.116214859437751,0.6751824817518248
461,141,5,0.10251930282654137,0.6544117647058824
462,141,5,0.14579701405259216,0.6169117647058824
463,141,5,0.17143040948758112,0.6529411764705882
464,141,5,0.1444387551914434,0.6955882352941177
465,141,5,0.0922757030262517,0.6470588235294117
466,141,5,0.12199775533108866,0.6558823529411765
467,141,5,0.11944225129709,0.675
468,141,5,0.08414045724390552,0.6639705882352941
469,140,5,0.13464441877732858,0.682962962962963
470,138,5,0.1336180958521384,0.6819548872180451
471,138,5,0.15524220811795242,0.6466165413533835
472,137,5,0.125224620206152,0.6643939393939393
473,137,5,0.25718796338906785,0.6568181818181819
474,135,5,0.10515519568151148,0.6630769230769231
475,133,5,0.11753786536633652,0.6234375
476,131,5,0.16908062484252961,0.6722222222222222
477,130,5,0.11691284825159065,0.6656
478,130,5,0.10769591709660203,0.6991999999999999
479,130,5,0.12697388632872503,0.6736
480,130,5,0.07439225374109094,0.6559999999999999
481,130,5,0.1275847323408299,0.7071999999999999
482,130,5,0.17614684860298896,0.7040000000000001
483,130,5,0.12597344176291544,0.7000000000000001
484,128,5,0.24675335500541803,0.7308943089430894
485,128,5,0.258948087431694,0.7544715447154471
486,126,5,0.13087033185393843,0.7338842975206612
487,126,5,0.17854447947826554,0.7305785123966941
488,125,5,0.10905844155844155,0.7183333333333334
489,124,5,0.1503516624040921,0.7184873949579832
490,123,5,0.12332398930759586,0.7135593220338983
491,123,5,0.11250369584170425,0.7211864406779661
492,123,5,0.1018827069373246,0.7288135593220338
493,123,5,0.13471153067012398,0.7423728813559323
494,123,5,0.08284905857195014,0.6813559322033899
495,122,5,0.10558594156924864,0.7367521367521368
496,121,5,0.09762626262626262,0.7327586206896551
497,120,5,0.0906691992218308,0.7217391304347825
498,119,5,0.11057429176733237,0.7596491228070175
499,119,5,0.14584415584415583,0.768421052631579
500,118,5,0.16084684684684686,0.7469026548672566
501,117,5,0.23844155844155845,0.7589285714285715
502,116,5,0.16275335775335775,0.7693693693693694
503,115,5,0.16314656149417472,0.7927272727272727
504,114,5,0.11904912027862846,0.7651376146788991
505,114,5,0.12463313522635557,0.7669724770642201
506,113,5,0.15555380370516358,0.7777777777777778
507,113,5,0.19024150452721883,0.7518518518518519
508,112,5,0.21774891774891775,0.7616822429906541
509,112,5,0.18984736355226642,0.7411214953271029
510,109,4,0.24594979835905995,0.8464285714285714
511,108,4,0.5645258103241296,0.860576923076923
512,106,2,0.3333333333333333,0.9471153846153846
513,106,2,0.25,0.9567307692307692
514,106,2,0.25,0.9567307692307694
515,106,2,0.7,0.985576923076923
516,106,2,0.19444444444444442,0.9423076923076924
517,105,2,0.14583333333333331,0.9174757281553398
518,104,2,0.225,0.9509803921568627
519,104,2,0.625,0.9705882352941176
520,104,2,0.5769230769230769,0.946078431372549
521,102,2,0.3088235294117647,0.9199999999999999
522,100,2,0.6,0.9591836734693878
523,99,2,0.3214285714285714,0.9329896907216495
524,99,2,0.5555555555555556,0.9175257731958762
525,98,2,0.5526315789473684,0.9114583333333334
526,97,2,0.5714285714285714,0.936842105263158
527,95,2,0.21929824561403508,0.8978494623655915
528,94,2,0.19642857142857142,0.9184782608695653
529,92,2,0.10833333333333334,0.8666666666666666
530,92,2,0.13247863247863248,0.8944444444444446
531,92,2,0.10989010989010989,0.8666666666666667
532,91,2,0.11513157894736842,0.8651685393258427
533,90,1,0.08333333333333333,0.8764044943820224
534,90,1,0.07142857142857142,0.8595505617977528
535,90,1,0.09090909090909091,0.8876404494382022
536,90,1,0.25,0.9662921348314607
537,89,1,0.5,0.9886363636363638
538,89,1,0.1,0.909090909090909
539,89,1,0.03125,0.6477272727272727
540,88,1,0.029411764705882353,0.6206896551724138
541,88,1,0.030303030303030304,0.632183908045977
542,88,1,0.04,0.7241379310344828
543,88,1,0.03225806451612903,0.6551724137931034
544,88,1,0.03333333333333333,0.6724137931034483
545,88,1,0.02702702702702703,0.5862068965517241
546,87,1,0.0625,0.8255813953488372
547,87,1,0.04,0.7267441860465116
548,87,1,0.043478260869565216,0.7441860465116279
549,86,0,,
550,85,0,,
551,85,0,,
552,85,0,,
553,80,0,,
554,80,0,,
555,78,0,,
556,78,0,,
557,77,0,,
558,77,0,,
559,77,0,,
560,77,0,,
561,77,0,,
562,77,0,,
563,77,0,,
564,76,0,,
565,76,0,,
566,76,0,,
567,76,0,,
568,76,0,,
569,76,0,,
570,76,0,,
571,76,0,,
572,76,0,,
573,76,0,,
574,76,0,,
575,76,0,,
576,76,0,,
577,76,0,,
578,76,0,,
579,76,0,,
580,76,0,,
581,76,0,,
582,76,0,,
583,75,0,,
584,74,0,,
585,74,0,,
586,74,0,,
587,74,0,,
588,74,0,,
589,74,0,,
590,74,0,,
591,73,0,,
592,72,0,,
593,72,0,,
594,72,0,,
595,72,0,,
596,72,0,,
597,70,0,,
598,69,0,,
599,68,0,,
600,67,0,,
601,66,0,,
602,65,0,,
603,65,0,,
604,64,0,,
605,64,0,,
606,64,0,,
607,64,0,,
608,64,0,,
609,64,0,,
610,64,0,,
611,64,0,,
612,64,0,,
613,64,0,,
614,63,0,,
615,62,0,,
616,62,0,,
617,62,0,,
618,62,0,,
619,61,0,,
620,61,0,,
621,61,0,,
622,61,0,,
623,61,0,,
624,61,0,,
625,61,0,,
626,60,0,,
627,60,0,,
628,59,0,,
629,59,0,,
630,58,0,,
631,58,0,,
632,58,0,,
633,58,0,,
634,58,0,,
635,58,0,,
636,58,0,,
637,58,0,,
638,58,0,,
639,58,0,,
640,58,0,,
641,57,0,,
642,56,0,,
643,55,0,,
644,55,0,,
645,55,0,,
646,55,0,,
647,55,0,,
648,54,0,,
649,53,0,,
650,50,0,,
651,48,0,,
652,48,0,,
653,48,0,,
654,48,0,,
655,47,0,,
656,47,0,,
657,47,0,,
658,47,0,,
659,45,0,,
660,45,0,,
661,45,0,,
662,45,0,,
663,45,0,,
664,45,0,,
665,45,0,,
666,44,0,,
667,43,0,,
668,42,0,,
669,42,0,,
670,42,0,,
671,42,0,,
672,42,0,,
673,42,0,,
674,42,0,,
675,42,0,,
676,42,0,,
677,42,0,,
678,42,0,,
679,42,0,,
680,42,0,,
681,42,0,,
682,42,0,,
683,41,0,,
684,40,0,,
685,40,0,,
686,40,0,,
687,40,0,,
688,40,0,,
689,40,0,,
690,39,0,,
691,39,0,,
692,39,0,,
693,38,0,,
694,38,0,,
695,38,0,,
696,38,0,,
697,38,0,,
698,38,0,,
699,38,0,,
700,38,0,,
701,36,0,,
702,36,0,,
703,36,0,,
704,36,0,,
705,36,0,,
706,36,0,,
707,36,0,,
708,36,0,,
709,36,0,,
710,35,0,,
711,34,0,,
712,34,0,,
713,34,0,,
714,34,0,,
715,34,0,,
716,34,0,,
717,32,0,,
718,32,0,,
719,31,0,,
720,30,0,,
721,30,0,,
722,30,0,,
723,30,0,,
724,30,0,,
725,30,0,,
726,30,0,,
727,30,0,,
728,30,0,,
729,30,0,,
730,29,0,,
731,29,0,,
732,28,0,,
733,27,0,,
734,27,0,,
735,27,0,,
736,27,0,,
737,27,0,,
738,27,0,,
739,27,0,,
740,27,0,,
741,26,0,,
742,26,0,,
743,25,0,,
744,24,0,,
745,24,0,,
746,23,0,,
747,23,0,,
748,21,0,,
749,21,0,,
750,21,0,,
751,21,0,,
752,21,0,,
753,21,0,,
754,21,0,,
755,21,0,,
756,21,0,,
757,20,0,,
758,20,0,,
759,20,0,,
760,20,0,,
761,20,0,,
762,20,0,,
763,19,0,,
764,19,0,,
765,19,0,,
766,19,0,,
767,19,0,,
768,18,0,,
769,18,0,,
770,18,0,,
771,18,0,,
772,18,0,,
773,18,0,,
774,17,0,,
775,17,0,,
776,17,0,,
777,17,0,,
778,17,0,,
779,17,0,,
780,15,0,,
781,15,0,,
782,15,0,,
783,15,0,,
784,15,0,,
785,15,0,,
786,15,0,,
787,14,0,,
788,13,0,,
789,12,0,,
790,11,0,,
791,11,0,,
792,10,0,,
793,10,0,,
794,10,0,,
795,7,0,,
796,7,0,,
797,7,0,,
798,7,0,,
799,7,0,,
800,7,0,,
801,6,0,,
802,6,0,,
803,6,0,,
804,6,0,,
805,6,0,,
806,6,0,,
807,6,0,,
808,5,0,,
809,4,0,,
810,4,0,,
811,4,0,,
812,3,0,,
813,3,0,,
814,3,0,,
815,3,0,,
816,3,0,,
817,3,0,,
818,3,0,,
819,3,0,,
820,3,0,,
821,3,0,,
822,3,0,,
823,3,0,,
824,3,0,,
825,3,0,,
826,3,0,,
827,3,0,,
828,3,0,,
829,3,0,,
830,3,0,,
831,3,0,,
832,3,0,,
833,3,0,,
834,3,0,,
835,3,0,,
836,3,0,,
837,3,0,,
838,3,0,,
839,3,0,,
840,3,0,,
841,3,0,,
842,3,0,,
843,3,0,,
844,3,0,,
845,3,0,,
846,3,0,,
847,3,0,,
848,3,0,,
849,2,0,,
850,2,0,,
851,1,0,,
852,1,0,,
853,1,0,,
